,train_loss,train_dice,train_iou,train_f2,train_acc,val_loss,val_dice,val_iou,val_f2,val_acc
0,3.2310908929569515,0.072944276034832,0.03215326121678268,0.23018054437033558,0.03641732283464567,1.9192336896273094,0.27146451772700053,0.9080146729476809,0.20875731652802162,0.11023622047244094
1,2.5092755771997406,0.16030099987983704,0.0890097540077262,0.3966280675010525,0.09448818897637795,1.8045133328813268,0.3661014672578448,0.8259086308516855,0.20326839381987583,0.09055118110236221
2,1.8865237639644954,0.34952670335769653,0.22618654522839493,0.5028049244056961,0.17224409448818898,2.519127644422486,0.25947515148866485,0.880622142881859,0.186909491499033,0.03543307086614173
3,1.5352113406489214,0.41188758611679077,0.2764348784300286,0.48328418954270924,0.2516404199475066,1.312508012835435,0.31740660726950837,0.9873260738342766,0.3522374169035551,0.2952755905511811
4,1.365805346196092,0.4313794672489166,0.2903988673461704,0.48579677079201244,0.33398950131233596,0.8226962794703762,0.4224174570820602,0.9909925085353101,0.4655792885549273,0.7204724409448819
5,1.2006613832759105,0.43667617440223694,0.2950569058027793,0.48262808724738515,0.41732283464566927,0.7902407488954348,0.45090369850404677,0.9919570562407727,0.48809990656329383,0.7874015748031497
6,1.1040830264879962,0.43561527132987976,0.29722019947889283,0.4792386599430192,0.4839238845144357,0.750367102777864,0.47421294651590223,0.9918624397337906,0.5206703674270629,0.7755905511811023
